state_code,upb_share,proj_dlq_chg,stressed_upb_bn,stress_share,conc_ratio
AK,0.3852581078847639,1.4473151546934933,0.13916819880422948,0.1397280050593946,0.36268673442477994
AL,1.7998966474161981,4.976223994169281,2.2354893151223205,2.2444816058375343,1.2470058261731585
AR,0.8419636115509525,2.2092122695256204,0.4642542394644503,0.46612170939991104,0.5536126538073114
AZ,3.153605632180846,4.8297374376517075,3.801508917176202,3.8168005462206716,1.2102973521077838
CA,10.361952782652999,4.662353784815462,12.057907379867302,12.106410500791839,1.1683522164913978
CO,2.8916213241428235,3.637623099161491,2.6253319700071707,2.6358924088956726,0.9115621007799292
CT,0.8834826465831929,3.829074511840749,0.8443391958136213,0.8477355634274786,0.9595384433480798
DC,0.15315041409203145,2.8480173721632718,0.1088644089163258,0.10930231770295847,0.7136926031246399
DE,0.4717922288969294,4.111248906275281,0.48411625333182823,0.48606361852855323,1.0302493105174517
FL,9.3427793795147,5.103352090058608,11.900267811408634,11.948136824704827,1.2788632096892625
GA,4.2904567344464954,4.408008502870344,4.720315853883256,4.739303398193405,1.1046151241063185
HI,0.6649356648824577,2.0625313240340906,0.34229873177640846,0.34367563377578747,0.516855467267709
IA,0.4987705858076794,2.393555839132514,0.2979679182364707,0.29916649884540675,0.5998078221893425
ID,0.7251020324261407,4.480092685308419,0.8107953153867078,0.8140567522171904,1.1226789000899824
IL,2.496682858256634,4.79677181442418,2.989080065565271,3.00110368685426,1.2020364047958616
IN,1.738802169560948,4.688197275939037,2.034609935965599,2.0427941862380115,1.1748284088889895
KS,0.5922750057196717,2.3870458627163083,0.3528655643929729,0.3542849716417326,0.5981764690732507
KY,1.089231898252391,4.485366092685114,1.219392041736907,1.224297065286311,1.1240003779274406
LA,1.4215202883053604,3.151512734515723,1.1181427140288458,1.1226404605748161,0.7897463510092787
MA,1.4250951479694443,3.1525796325386795,1.1213341180182597,1.1258447020366655,0.7900137079554529
MD,3.3107262061502136,3.555888223897548,2.9383023117276577,2.950121678708078,0.8910799308102694
ME,0.29390525971346393,2.9913525455904852,0.21943205355716283,0.22031472242275493,0.7496113633268953
MI,1.5863365377545422,5.706739023190601,2.259479726598198,2.268568519118591,1.4300676212941217
MN,1.2276487817993536,2.4402427394869397,0.7477084279744252,0.7507160968141188,0.6115072225411254
MO,1.54116662878842,3.3293818815415017,1.2806731894754502,1.2858247173995785,0.8343190758097473
MS,0.8225519732678593,3.662942781558388,0.7520013022127675,0.7550262392061909,0.9179070304902436
MT,0.30329104260648293,2.386541650148852,0.1806565497332976,0.18138324352862015,0.5980501170420752
NC,3.5709414484353377,4.631605858931393,4.127997573571061,4.144602508339544,1.1606470081315852
ND,0.13961142043489505,0.7217394405844728,0.0251493342991554,0.025250497889507752,0.1808626959803966
NE,0.4362084210416609,1.38912879226487,0.15123825849174316,0.15184661675068026,0.34810565185347
NH,0.3657189032177029,2.314857024171485,0.2112986344315774,0.21214858649159532,0.5800864670243988
NJ,2.3900143905839464,4.300579722941872,2.5653854559438796,2.575704759042479,1.0776942470263384
NM,0.7318242561476889,3.4194076752648503,0.6245724041124947,0.6270847563713432,0.8568788901208431
NV,1.6260510162151267,5.83252342605294,2.3670954377657125,2.3766171161665244,1.4615882850333015
NY,2.756807129402266,3.348748778190159,2.304167575216586,2.3134361253066063,0.8391722803648611
OH,2.4831251155313385,4.093076786683568,2.536726256951106,2.546930277973757,1.0256955084716968
OK,1.2265735116608638,2.560143075581636,0.7837596985549582,0.7869123841941149,0.641553381605789
OR,1.3015200011437797,4.139327577730398,1.3446391531914215,1.3500479852045122,1.0372856229778151
PA,2.44332520594687,2.840923669448376,1.7324709052820397,1.7394397965804949,0.7119149724100702
RI,0.3830700818093593,4.567328665218372,0.4366823195038346,0.43843888096025,1.1445396071898035
SC,2.1647692465068546,4.643838397155263,2.5090760047392133,2.519168802190114,1.1637123939445881
SD,0.23592600068040961,1.5415726151298308,0.09077471666565058,0.09113985938242711,0.3863069738798612
TN,2.3366792084915473,4.125365817287255,2.405950397472266,2.4156283705558774,1.0337869065541505
TX,10.517409552325134,3.354957382392059,8.806856157168188,8.842281873729036,0.8407281117786489
UT,1.2909593102020014,4.013308453666882,1.2931240926245309,1.2983257045012087,1.0057061397992897
VA,4.803014494267382,2.480896149086338,2.9740453844781367,2.9860085285274307,0.6216946736453469
VT,0.0909646481193243,1.9811936935217074,0.04498054261639467,0.04516147755220425,0.4964728439664053
WA,2.947722497199035,4.008583329822532,2.9491891095880787,2.9610522688830745,1.0045220578588065
WI,0.8273342443934875,3.613643473325729,0.74619341543641,0.7491949901144869,0.9055529795744356
WV,0.39615548953149055,3.3597649395259293,0.3322000408463269,0.33353632070357714,0.8419328509066747
WY,0.22027281608951949,3.4465588737234434,0.18948363826188466,0.19024583915879834,0.8636827845406121
